{
  "39.05_-77.03": {
    "fetched_at": 1776008886.9582121,
    "alert": null,
    "raw_count": 1
  },
  "38.74_-77.0": {
    "fetched_at": 1776008887.693436,
    "alert": null,
    "raw_count": 0
  },
  "39.0_-77.21": {
    "fetched_at": 1776008888.698745,
    "alert": null,
    "raw_count": 1
  },
  "38.88_-76.86": {
    "fetched_at": 1776008889.454352,
    "alert": null,
    "raw_count": 0
  },
  "38.96_-76.84": {
    "fetched_at": 1776008890.221248,
    "alert": null,
    "raw_count": 0
  },
  "38.65_-77.33": {
    "fetched_at": 1776008891.276447,
    "alert": null,
    "raw_count": 0
  },
  "39.11_-77.15": {
    "fetched_at": 1776008892.110749,
    "alert": null,
    "raw_count": 1
  },
  "38.89_-76.88": {
    "fetched_at": 1776008893.0031638,
    "alert": null,
    "raw_count": 0
  },
  "38.89_-76.9": {
    "fetched_at": 1776008894.636072,
    "alert": null,
    "raw_count": 0
  },
  "38.89_-76.91": {
    "fetched_at": 1776008895.455403,
    "alert": null,
    "raw_count": 0
  },
  "38.9_-76.92": {
    "fetched_at": 1776008896.37453,
    "alert": null,
    "raw_count": 0
  },
  "38.93_-77.04": {
    "fetched_at": 1776008897.120311,
    "alert": null,
    "raw_count": 0
  },
  "38.98_-76.81": {
    "fetched_at": 1776008897.8894851,
    "alert": null,
    "raw_count": 0
  },
  "38.91_-76.84": {
    "fetched_at": 1776008898.6586041,
    "alert": null,
    "raw_count": 0
  },
  "38.9_-77.02": {
    "fetched_at": 1776008899.377447,
    "alert": null,
    "raw_count": 0
  },
  "38.96_-76.99": {
    "fetched_at": 1776008900.1058712,
    "alert": null,
    "raw_count": 0
  },
  "38.98_-76.95": {
    "fetched_at": 1776008903.87655,
    "alert": null,
    "raw_count": 0
  },
  "39.02_-77.12": {
    "fetched_at": 1776008904.693598,
    "alert": null,
    "raw_count": 1
  },
  "39.11_-77.0": {
    "fetched_at": 1776008905.490894,
    "alert": null,
    "raw_count": 1
  },
  "39.08_-76.96": {
    "fetched_at": 1776008907.334123,
    "alert": null,
    "raw_count": 1
  },
  "38.77_-76.88": {
    "fetched_at": 1776008908.112361,
    "alert": null,
    "raw_count": 0
  },
  "38.91_-76.86": {
    "fetched_at": 1776008908.869911,
    "alert": null,
    "raw_count": 0
  },
  "38.98_-76.98": {
    "fetched_at": 1776008909.643969,
    "alert": null,
    "raw_count": 0
  },
  "38.82_-76.89": {
    "fetched_at": 1776008910.610971,
    "alert": null,
    "raw_count": 0
  },
  "38.85_-76.91": {
    "fetched_at": 1776008911.455283,
    "alert": null,
    "raw_count": 0
  },
  "38.82_-76.9": {
    "fetched_at": 1776008912.177244,
    "alert": null,
    "raw_count": 0
  },
  "39.12_-77.19": {
    "fetched_at": 1776008912.903425,
    "alert": null,
    "raw_count": 1
  },
  "39.08_-77.11": {
    "fetched_at": 1776008914.28101,
    "alert": null,
    "raw_count": 0
  },
  "39.08_-77.12": {
    "fetched_at": 1776008915.101009,
    "alert": null,
    "raw_count": 0
  },
  "39.09_-77.19": {
    "fetched_at": 1776008915.875498,
    "alert": null,
    "raw_count": 0
  },
  "38.93_-76.93": {
    "fetched_at": 1776008916.7693849,
    "alert": null,
    "raw_count": 0
  },
  "38.72_-76.99": {
    "fetched_at": 1776008918.3970408,
    "alert": null,
    "raw_count": 0
  },
  "39.0_-76.99": {
    "fetched_at": 1776008919.1644301,
    "alert": null,
    "raw_count": 0
  },
  "39.0_-76.98": {
    "fetched_at": 1776008921.36363,
    "alert": null,
    "raw_count": 0
  },
  "38.99_-76.82": {
    "fetched_at": 1776008929.411019,
    "alert": null,
    "raw_count": 0
  },
  "39.08_-76.87": {
    "fetched_at": 1776008930.684006,
    "alert": null,
    "raw_count": 0
  },
  "39.01_-76.98": {
    "fetched_at": 1776008931.47856,
    "alert": null,
    "raw_count": 0
  },
  "38.82_-76.97": {
    "fetched_at": 1776008932.250626,
    "alert": null,
    "raw_count": 0
  },
  "38.96_-76.86": {
    "fetched_at": 1776008944.819448,
    "alert": null,
    "raw_count": 0
  },
  "38.85_-76.99": {
    "fetched_at": 1776008945.710797,
    "alert": null,
    "raw_count": 0
  },
  "38.96_-76.91": {
    "fetched_at": 1776008946.554413,
    "alert": null,
    "raw_count": 0
  },
  "39.01_-77.0": {
    "fetched_at": 1776008950.445983,
    "alert": null,
    "raw_count": 0
  },
  "39.0_-77.02": {
    "fetched_at": 1776008958.317069,
    "alert": null,
    "raw_count": 0
  },
  "39.07_-77.02": {
    "fetched_at": 1776008970.8753831,
    "alert": null,
    "raw_count": 0
  },
  "39.11_-77.07": {
    "fetched_at": 1776008973.02387,
    "alert": null,
    "raw_count": 1
  },
  "39.13_-77.05": {
    "fetched_at": 1776008973.999168,
    "alert": null,
    "raw_count": 1
  },
  "38.95_-76.92": {
    "fetched_at": 1776008974.87872,
    "alert": null,
    "raw_count": 0
  },
  "38.88_-76.9": {
    "fetched_at": 1776008975.632007,
    "alert": null,
    "raw_count": 0
  }
}